{
    "parameterSets": {
        "Metal3DPrint": {
            "endValue": "30",
            "export": "Color1",
            "fudge": "0.1",
            "knobCapDia": "26.3",
            "knobCapHght": "2.5",
            "knobCapRad": "1.5",
            "knobOuterDia": "30",
            "knurlCount": "80",
            "knurlKnob": "true",
            "knurlThck": "1",
            "labelFlush": "true",
            "labelThck": "0.5",
            "majorTick": "5",
            "majorTickLen": "5",
            "majorTickTmp": "10",
            "majorTickWdth": "0.9",
            "majorTickWdthTmp": "0.4",
            "matSaveOpt": "true",
            "minWallThck": "2",
            "minorTick": "1",
            "minorTickLen": "3.5",
            "minorTickTmp": "2",
            "minorTickWdth": "0.6",
            "minorTickWdthTmp": "0.2",
            "overHangAngle": "45",
            "quality": "100",
            "scaleBaseHght": "1.3",
            "scaleDia": "50.6",
            "scaleHght": "6.3",
            "screwHeadDia": "6",
            "screwHeadHght": "6",
            "screwHoleDia": "2.5",
            "screwOpt": "true",
            "shaftDia": "6.2",
            "shaftLength": "14",
            "shaftSlotWdth": "2",
            "shaftWallThck": "3",
            "shaftWdth": "4.5",
            "shaftZOffset": "2.5",
            "showKnob": "true",
            "showSectioncut": "false",
            "showTickMarks": "true",
            "slotOpt": "false",
            "startAng": "40",
            "startValue": "0",
            "sweepAng": "300",
            "totalHght": "19",
            "txtOffset": "0.5",
            "txtOffsetTmp": "0.5",
            "txtSize": "5",
            "txtSizeTmp": "2"
        },
        "FDMPrint": {
            "endValue": "30",
            "export": "Color1",
            "fudge": "0.1",
            "knobCapDia": "26.3",
            "knobCapHght": "2.5",
            "knobCapRad": "1.5",
            "knobOuterDia": "30",
            "knurlCount": "80",
            "knurlKnob": "true",
            "knurlThck": "1",
            "labelFlush": "true",
            "labelThck": "0.3",
            "majorTick": "5",
            "majorTickLen": "5",
            "majorTickTmp": "10",
            "majorTickWdth": "0.9",
            "majorTickWdthTmp": "0.4",
            "matSaveOpt": "true",
            "minWallThck": "2",
            "minorTick": "1",
            "minorTickLen": "3.5",
            "minorTickTmp": "2",
            "minorTickWdth": "0.6",
            "minorTickWdthTmp": "0.2",
            "overHangAngle": "60",
            "quality": "100",
            "scaleBaseHght": "1.3",
            "scaleDia": "50.6",
            "scaleHght": "6.3",
            "screwHeadDia": "6",
            "screwHeadHght": "6",
            "screwHoleDia": "2.5",
            "screwOpt": "false",
            "shaftChamfer": "1",
            "shaftDia": "6",
            "shaftLength": "14",
            "shaftSlotWdth": "2",
            "shaftSpacing": "0.05",
            "shaftWallThck": "3",
            "shaftWdth": "4.5",
            "shaftZOffset": "2.5",
            "showKnob": "true",
            "showSectioncut": "false",
            "showTickMarks": "true",
            "slotOpt": "true",
            "startAng": "35.5",
            "startValue": "0",
            "sweepAng": "293.5",
            "totalHght": "19",
            "txtOffset": "0.5",
            "txtOffsetTmp": "0.5",
            "txtSize": "5",
            "txtSizeTmp": "2"
        }
    },
    "fileFormatVersion": "1"
}
