{
    "fileFormatVersion": "1",
    "parameterSets": {
        "New set 1": {
            "bandThck": "0.20000000000000001",
            "bandWdth": "1.3400000000000001",
            "colBack": "#222222",
            "colBand": "#CC0000",
            "colFlag": "white",
            "colText": "white",
            "embossThck": "1.5",
            "flagDims": "[33.1, 17.18]",
            "keyHoleDia": "4.5999999999999996",
            "plateCornerRad": "1.5",
            "plateMinDims": "[93, 23.44]",
            "plateThck": "3.5",
            "showBand": "true",
            "showPlate": "true",
            "showText": "true",
            "txtFont": "Anton",
            "txtMargin": "2",
            "txtSize": "14.699999999999999",
            "txtString": "14068 DUTY OFFICER"
        },
        "New set 2": {
            "bandThck": "0.20000000000000001",
            "bandWdth": "1.3400000000000001",
            "colBack": "#222222",
            "colBand": "#CC0000",
            "colFlag": "white",
            "colText": "white",
            "embossThck": "1.5",
            "flagDims": "[33.1, 17.18]",
            "keyHoleDia": "4.5999999999999996",
            "plateCornerRad": "1.5",
            "plateMinDims": "[93, 23.44]",
            "plateThck": "3.5",
            "showBand": "true",
            "showFlag": "true",
            "showPlate": "true",
            "showText": "true",
            "txtFont": "Anton",
            "txtMargin": "2",
            "txtSize": "14.699999999999999",
            "txtString": "14068 DUTY OFFICER"
        },
        "New set 3": {
            "bandThck": "0.20000000000000001",
            "bandWdth": "1.3400000000000001",
            "colBack": "#222222",
            "colBand": "#CC0000",
            "colFlag": "white",
            "colText": "white",
            "embossThck": "1.5",
            "flagDims": "[33.1, 17.18]",
            "keyHoleDia": "4.5999999999999996",
            "plateCornerRad": "1.5",
            "plateMinDims": "[93, 23.44]",
            "plateThck": "3.5",
            "quality": "20",
            "showBand": "true",
            "showFlag": "true",
            "showPlate": "true",
            "showText": "true",
            "txtFont": "Anton",
            "txtMargin": "2",
            "txtSize": "14.699999999999999",
            "txtString": "14068 DUTY OFFICER"
        },
        "New set 4": {
            "bandThck": "0.20000000000000001",
            "bandWdth": "1.3400000000000001",
            "colBack": "#222222",
            "colBand": "#CC0000",
            "colFlag": "white",
            "colText": "white",
            "embossThck": "1.5",
            "flagDims": "[33.1, 17.18]",
            "keyHoleDia": "4.5999999999999996",
            "plateCornerRad": "1.5",
            "plateMinDims": "[93, 23.44]",
            "plateThck": "3.5",
            "quality": "50",
            "showBand": "true",
            "showFlag": "true",
            "showPlate": "true",
            "showText": "true",
            "txtFont": "Anton",
            "txtMargin": "2",
            "txtSize": "14.699999999999999",
            "txtString": "14068 DUTY OFFICER"
        },
        "New set 5": {
            "bandThck": "0.20000000000000001",
            "bandWdth": "1.3400000000000001",
            "colBack": "#222222",
            "colBand": "#CC0000",
            "colFlag": "white",
            "colText": "white",
            "embossThck": "1.5",
            "flagDims": "[33.1, 17.18]",
            "keyHoleDia": "4.5999999999999996",
            "plateCornerRad": "1.5",
            "plateMinDims": "[93, 23.44]",
            "plateThck": "3.5",
            "quality": "50",
            "showBand": "true",
            "showFlag": "true",
            "showPlate": "true",
            "showText": "true",
            "txtFont": "Anton",
            "txtLineSpacing": "0.69999999999999996",
            "txtMargin": "2",
            "txtSize": "14.699999999999999",
            "txtString": "14068 DUTY OFFICER",
            "txtString2": "TEST"
        },
        "New set 6": {
            "bandThck": "0.20000000000000001",
            "bandWdth": "1.3400000000000001",
            "colBack": "#222222",
            "colBand": "#CC0000",
            "colFlag": "white",
            "colText": "white",
            "embossThck": "1.5",
            "flagDims": "[33.1, 17.18]",
            "keyHoleDia": "4.5999999999999996",
            "plateCornerRad": "1.5",
            "plateMinDims": "[93, 23.44]",
            "plateThck": "3.5",
            "quality": "50",
            "showBand": "true",
            "showFlag": "true",
            "showPlate": "true",
            "showText": "true",
            "txtFont": "Anton",
            "txtLineSpacing": "0.71999999999999997",
            "txtMargin": "2",
            "txtSize": "14.699999999999999",
            "txtString": "14068 DUTY OFFICER",
            "txtString2": "TEST"
        }
    }
}
