{
    "fileFormatVersion": "1",
    "parameterSets": {
        "Neue Parameter Liste1": {
            "drillDepth": "2",
            "drillDia": "2",
            "drillLength": "30",
            "holeXPos": "4.5",
            "holeZPos": "-1.3",
            "partDims": "[88.4, 58, 7.6]",
            "partSpcng": "0.20000000000000001",
            "partTopLen": "17",
            "partTopWdth": "45",
            "partWallThck": "1.3",
            "showPart": "false",
            "slotDims": "[1.2, 6.3, 1.6]",
            "slotZOffset": "4.7999999999999998"
        },
        "Neue Parameter Liste2": {
            "drillDepth": "2",
            "drillDia": "2",
            "drillLength": "48.5",
            "heatInsertDia": "4.5",
            "heatInsertLen": "6.5",
            "holeXPos": "4.5",
            "holeZPos": "-1.3",
            "minFloorThck": "2",
            "minWallThck": "3",
            "partDims": "[88.4, 58, 7.6]",
            "partSpcng": "0.20000000000000001",
            "partTopLen": "17",
            "partTopWdth": "45",
            "partWallThck": "1.3",
            "proxBdyDims": "[125, 46.9, 47]",
            "proxClampThck": "7",
            "proxFlangeDia": "21",
            "proxFlangeHght": "4.5",
            "proxFlangeSpcng": "0.10000000000000001",
            "showJig": "true",
            "showPart": "false",
            "showProxxon": "false",
            "slotDims": "[1.2, 6.3, 1.6]",
            "slotZOffset": "4.7999999999999998"
        },
        "Neue Parameter Liste3": {
            "drillDepth": "2",
            "drillDia": "2",
            "drillLength": "48.5",
            "heatInsertDia": "4.5",
            "heatInsertLen": "6.5",
            "holeXPos": "4.5",
            "holeZPos": "-1.3",
            "minFloorThck": "2",
            "minWallThck": "3",
            "partDims": "[88.4, 58, 7.6]",
            "partSpcng": "0.20000000000000001",
            "partTopLen": "17",
            "partTopWdth": "45",
            "partWallThck": "1.3",
            "proxBdyDims": "[125, 46.9, 47]",
            "proxClampThck": "7",
            "proxFlangeDia": "21",
            "proxFlangeHght": "4.5",
            "proxFlangeSpcng": "0.10000000000000001",
            "showJig": "true",
            "showPart": "true",
            "showProxxon": "true",
            "slotDims": "[1.2, 6.3, 1.6]",
            "slotZOffset": "4.7999999999999998"
        },
        "Neue Parameter Liste4": {
            "drillDepth": "2",
            "drillDia": "2",
            "drillLength": "48.5",
            "heatInsertDia": "4",
            "heatInsertLen": "6.5",
            "holeXPos": "4.5",
            "holeZPos": "-1.3",
            "minFloorThck": "2",
            "minWallThck": "3",
            "partDims": "[88.4, 58, 7.6]",
            "partSpcng": "0.20000000000000001",
            "partTopLen": "17",
            "partTopWdth": "45",
            "partWallThck": "1.3",
            "proxBdyDims": "[125, 46.9, 47]",
            "proxClampThck": "7",
            "proxFlangeDia": "21",
            "proxFlangeHght": "4.5",
            "proxFlangeSpcng": "0.10000000000000001",
            "showJig": "true",
            "showPart": "false",
            "showProxxon": "true",
            "slotDims": "[1.2, 6.3, 1.6]",
            "slotZOffset": "4.7999999999999998"
        },
        "Neue Parameter Liste5": {
            "drillDepth": "2",
            "drillDia": "2",
            "drillLength": "48.5",
            "heatInsertDia": "4",
            "heatInsertLen": "6.5",
            "holeXPos": "4.5",
            "holeZPos": "-1.3",
            "minFloorThck": "2",
            "minWallThck": "3",
            "partDims": "[88.4, 58, 7.6]",
            "partSpcng": "0.20000000000000001",
            "partTopLen": "17",
            "partTopWdth": "45",
            "partWallThck": "1.3",
            "proxBdyDims": "[125, 46.9, 47]",
            "proxClampThck": "7",
            "proxFlangeDia": "21",
            "proxFlangeHght": "4.5",
            "proxFlangeSpcng": "0.10000000000000001",
            "proxNutLen": "22.5",
            "showClampUpper": "false",
            "showJig": "true",
            "showPart": "false",
            "showProxxon": "false",
            "showSupport": "false",
            "slotDims": "[1.2, 6.3, 1.6]",
            "slotZOffset": "4.7999999999999998"
        },
        "Neue Parameter Liste6": {
            "drillDepth": "2",
            "drillDia": "2",
            "drillLength": "48.5",
            "heatInsertDia": "4",
            "heatInsertLen": "6.5",
            "holeXPos": "4.5",
            "holeZPos": "-1.3",
            "minFloorThck": "2",
            "minWallThck": "3",
            "mountHeadDia": "8",
            "mountHoleCornerOffset": "10",
            "mountHoleDia": "4",
            "partDims": "[88.4, 58, 7.6]",
            "partSpcng": "0.20000000000000001",
            "partTopLen": "17",
            "partTopWdth": "45",
            "partWallThck": "1.3",
            "peepHoleDia": "15",
            "proxBdyDims": "[125, 45.5, 47]",
            "proxBdyRad": "8",
            "proxClampThck": "7",
            "proxFlangeDia": "21",
            "proxFlangeHght": "4.5",
            "proxFlangeSpcng": "0.10000000000000001",
            "proxNutLen": "22.5",
            "proxSupportThck": "7",
            "showClampUpper": "false",
            "showJig": "true",
            "showPart": "false",
            "showProxxon": "false",
            "showSupport": "false",
            "slotDims": "[1.2, 6.3, 1.6]",
            "slotZOffset": "4.7999999999999998",
            "vacChannel": "true",
            "vacDia": "35"
        },
        "Neue Parameter Liste7": {
            "drillDepth": "2",
            "drillDia": "2",
            "drillLength": "48.5",
            "heatInsertDia": "4.5",
            "heatInsertLen": "6.5",
            "holeXPos": "4.5",
            "holeZPos": "-1.3",
            "minFloorThck": "2",
            "minWallThck": "3",
            "mountHeadDia": "8",
            "mountHoleCornerOffset": "10",
            "mountHoleDia": "4",
            "partDims": "[88.4, 58, 7.6]",
            "partSpcng": "0.20000000000000001",
            "partTopLen": "17",
            "partTopWdth": "45",
            "partWallThck": "1.3",
            "peepHoleDia": "15",
            "proxBdyDims": "[125, 45.5, 47]",
            "proxBdyRad": "8",
            "proxClampThck": "7",
            "proxFlangeDia": "21",
            "proxFlangeHght": "4.5",
            "proxFlangeSpcng": "0.10000000000000001",
            "proxNutLen": "22.5",
            "proxSupportThck": "7",
            "showClampUpper": "true",
            "showJig": "true",
            "showPart": "false",
            "showProxxon": "false",
            "showSupport": "false",
            "slotDims": "[1.2, 6.3, 1.6]",
            "slotZOffset": "4.7999999999999998",
            "vacChannel": "true",
            "vacDia": "35"
        },
        "Neue Parameter Liste8": {
            "drillDepth": "2",
            "drillDia": "2",
            "drillLength": "48.5",
            "heatInsertDia": "5",
            "heatInsertLen": "6.5",
            "holeXPos": "4.5",
            "holeZPos": "-1.3",
            "minFloorThck": "2",
            "minWallThck": "3",
            "mountHeadDia": "8.5",
            "mountHoleCornerOffset": "10",
            "mountHoleDia": "4.5",
            "partDims": "[88.4, 58, 7.6]",
            "partSpcng": "0.20000000000000001",
            "partTopLen": "17",
            "partTopWdth": "45",
            "partWallThck": "1.3",
            "peepHoleDia": "15",
            "proxBdyDims": "[125, 45.5, 47]",
            "proxBdyRad": "8",
            "proxClampSpcng": "0.5",
            "proxClampThck": "7",
            "proxFlangeDia": "21",
            "proxFlangeHght": "4.5",
            "proxFlangeSpcng": "0.10000000000000001",
            "proxNutLen": "22.5",
            "proxSupportThck": "7",
            "showClampUpper": "false",
            "showJig": "true",
            "showPart": "false",
            "showProxxon": "false",
            "showSupport": "false",
            "slotDims": "[1.2, 6.3, 1.6]",
            "slotZOffset": "4.7999999999999998",
            "vacChannel": "true",
            "vacDia": "35"
        },
        "Neue Parameter Liste9": {
            "drillDepth": "2",
            "drillDia": "2",
            "drillLength": "48.5",
            "heatInsertDia": "4.5",
            "heatInsertLen": "6.5",
            "holeXPos": "4.5",
            "holeZPos": "-1.3",
            "minFloorThck": "2",
            "minWallThck": "3",
            "mountHeadDia": "8.5",
            "mountHoleCornerOffset": "10",
            "mountHoleDia": "4.5",
            "partDims": "[88.4, 58, 7.6]",
            "partSpcng": "0.20000000000000001",
            "partTopLen": "17",
            "partTopWdth": "45",
            "partWallThck": "1.3",
            "peepHoleDia": "15",
            "proxBdyDims": "[125, 45.5, 47]",
            "proxBdyRad": "8",
            "proxClampSpcng": "0.5",
            "proxClampThck": "7",
            "proxFlangeDia": "21",
            "proxFlangeHght": "4.5",
            "proxFlangeSpcng": "0.10000000000000001",
            "proxNutLen": "22.5",
            "proxSupportThck": "7",
            "showClampUpper": "false",
            "showJig": "true",
            "showPart": "false",
            "showProxxon": "false",
            "showSupport": "false",
            "slotDims": "[1.2, 6.3, 1.6]",
            "slotZOffset": "4.7999999999999998",
            "testClamp": "false",
            "vacChannel": "true",
            "vacDia": "35"
        },
        "Neue Parameter Liste10": {
            "drillDepth": "2",
            "drillDia": "2",
            "drillLength": "48.5",
            "heatInsertDia": "4.5",
            "heatInsertLen": "6.5",
            "holeXPos": "4.5",
            "holeZPos": "0.29999999999999999",
            "minFloorThck": "2",
            "minWallThck": "3",
            "mountHeadDia": "8.5",
            "mountHoleCornerOffset": "10",
            "mountHoleDia": "4.5",
            "partDims": "[88.4, 58, 7.6]",
            "partSpcng": "0.29999999999999999",
            "partTopLen": "17",
            "partTopWdth": "45",
            "partWallThck": "1.3",
            "peepHoleDia": "15",
            "proxBdyDims": "[125, 45.5, 47]",
            "proxBdyRad": "8",
            "proxClampSpcng": "0.5",
            "proxClampThck": "7",
            "proxFlangeDia": "21",
            "proxFlangeHght": "4.5",
            "proxFlangeSpcng": "0.10000000000000001",
            "proxNutLen": "22.5",
            "proxSupportThck": "7",
            "showClampUpper": "true",
            "showJig": "false",
            "showPart": "true",
            "showPartFit": "false",
            "showProxxon": "false",
            "showSupport": "true",
            "slotDims": "[1.2, 6.3, 1.6]",
            "slotZOffset": "4.7999999999999998",
            "testClamp": "false",
            "vacChannel": "true",
            "vacDia": "35"
        },
        "Neue Parameter Liste11": {
            "drillDepth": "2",
            "drillDia": "2",
            "drillLength": "48.5",
            "heatInsertDia": "4.5",
            "heatInsertLen": "6.5",
            "holeXPos": "4.5",
            "minFloorThck": "2",
            "minWallThck": "3",
            "mountHeadDia": "8.5",
            "mountHoleCornerOffset": "10",
            "mountHoleDia": "4.5",
            "partDims": "[88.4, 58, 7.6]",
            "partSpcng": "0.29999999999999999",
            "partTopLen": "17",
            "partTopWdth": "45",
            "partWallThck": "1.3",
            "peepHoleDia": "15",
            "proxBdyDims": "[125, 45.5, 47]",
            "proxBdyRad": "8",
            "proxClampSpcng": "0.5",
            "proxClampThck": "7",
            "proxFlangeDia": "21",
            "proxFlangeHght": "4.5",
            "proxFlangeSpcng": "0.10000000000000001",
            "proxNutLen": "22.5",
            "proxSupportThck": "7",
            "showClampUpper": "false",
            "showJig": "true",
            "showPart": "false",
            "showPartFit": "false",
            "showProxxon": "false",
            "showSupport": "false",
            "slotDims": "[1.2, 6.3, 1.6]",
            "slotZOffset": "4.7999999999999998",
            "testClamp": "false",
            "vacChannel": "true",
            "vacDia": "35"
        },
        "Neue Parameter Liste12": {
            "drillDepth": "2",
            "drillDia": "2",
            "drillLength": "48.5",
            "drillOffset": "1.2",
            "heatInsertDia": "4.5",
            "heatInsertLen": "6.5",
            "holeXPos": "4.5",
            "holeZPos": "-0.40000000000000002",
            "minFloorThck": "2",
            "minWallThck": "3",
            "mountHeadDia": "8.5",
            "mountHoleCornerOffset": "12",
            "mountHoleDia": "4.5",
            "partDims": "[88.4, 58, 7.6]",
            "partSpcng": "0.29999999999999999",
            "partTopLen": "17",
            "partTopWdth": "45",
            "partWallThck": "1.3",
            "peepHoleDia": "15",
            "proxBdyDims": "[125, 45.5, 47]",
            "proxBdyRad": "8",
            "proxClampSpcng": "0.5",
            "proxClampThck": "7",
            "proxDrillZOffset": "1.2",
            "proxFlangeDia": "21",
            "proxFlangeHght": "4.5",
            "proxFlangeSpcng": "0.10000000000000001",
            "proxNutLen": "22.5",
            "proxSupportThck": "7",
            "showClampUpper": "true",
            "showJig": "false",
            "showPart": "false",
            "showPartFit": "false",
            "showProxxon": "false",
            "showSupport": "false",
            "slotDims": "[1.2, 6.3, 1.6]",
            "slotZOffset": "4.7999999999999998",
            "testClamp": "false",
            "vacChannel": "true",
            "vacDia": "35"
        },
        "Neue Parameter Liste13": {
            "drillDepth": "2",
            "drillDia": "2",
            "drillLength": "48.5",
            "drillOffset": "1.2",
            "heatInsertDia": "4.5",
            "heatInsertLen": "6.5",
            "holeXPos": "4.5",
            "holeZPos": "-0.40000000000000002",
            "minFloorThck": "2",
            "minWallThck": "3",
            "mountHeadDia": "8.5",
            "mountHoleCornerOffset": "12",
            "mountHoleDia": "4.5",
            "partDims": "[88.4, 58, 7.6]",
            "partSpcng": "0.29999999999999999",
            "partTopLen": "17",
            "partTopWdth": "45",
            "partWallThck": "1.3",
            "peepHoleDia": "15",
            "proxBdyDims": "[125, 45.5, 47]",
            "proxBdyRad": "8",
            "proxClampSpcng": "0.5",
            "proxClampThck": "7",
            "proxDrillZOffset": "1.2",
            "proxFlangeDia": "21",
            "proxFlangeHght": "4.5",
            "proxFlangeSpcng": "0.10000000000000001",
            "proxNutLen": "22.5",
            "proxSupportThck": "7",
            "showClampUpper": "true",
            "showJig": "false",
            "showPart": "false",
            "showPartFit": "false",
            "showProxxon": "false",
            "showSupport": "false",
            "slotDims": "[1.2, 6.3, 1.6]",
            "slotZOffset": "4.7999999999999998",
            "testClamp": "false",
            "vacChannel": "true",
            "vacDia": "35",
            "versionLabel": "V01"
        },
        "Neue Parameter Liste14": {
            "drillDepth": "2",
            "drillDia": "2",
            "drillLength": "48.5",
            "drillOffset": "1.2",
            "heatInsertDia": "4.5",
            "heatInsertLen": "6.5",
            "holeXPos": "4.5",
            "holeZPos": "-0.40000000000000002",
            "minFloorThck": "2",
            "minWallThck": "3",
            "mountHeadDia": "8.5",
            "mountHoleCornerOffset": "12",
            "mountHoleDia": "4.5",
            "partDims": "[88.4, 58, 7.6]",
            "partSpcng": "0.29999999999999999",
            "partTopLen": "17",
            "partTopWdth": "45",
            "partWallThck": "1.3",
            "peepHoleDia": "15",
            "proxBdyDims": "[125, 45.5, 47]",
            "proxBdyRad": "8",
            "proxClampSpcng": "0.5",
            "proxClampThck": "7",
            "proxDrillZOffset": "1.2",
            "proxFlangeDia": "21",
            "proxFlangeHght": "4.5",
            "proxFlangeSpcng": "0.10000000000000001",
            "proxNutLen": "22.5",
            "proxSupportThck": "7",
            "pushYOffset": "35",
            "showClampUpper": "false",
            "showJig": "false",
            "showPart": "false",
            "showPartFit": "false",
            "showProxxon": "false",
            "showPushScrew": "true",
            "showPusher": "false",
            "showSupport": "false",
            "slotDims": "[1.2, 6.3, 1.6]",
            "slotZOffset": "4.7999999999999998",
            "testClamp": "false",
            "vacChannel": "true",
            "vacDia": "35",
            "versionLabel": "V01"
        },
        "Neue Parameter Liste15": {
            "drillDepth": "2",
            "drillDia": "2",
            "drillLength": "48.5",
            "drillOffset": "1.2",
            "heatInsertDia": "4.5",
            "heatInsertLen": "6.5",
            "holeXPos": "4.5",
            "holeZPos": "-0.40000000000000002",
            "minFloorThck": "2",
            "minWallThck": "3",
            "mountHeadDia": "8.5",
            "mountHoleCornerOffset": "12",
            "mountHoleDia": "4.5",
            "partDims": "[88.4, 58, 7.6]",
            "partSpcng": "0.29999999999999999",
            "partTopLen": "17",
            "partTopWdth": "45",
            "partWallThck": "1.3",
            "peepHoleDia": "15",
            "proxBdyDims": "[125, 45.5, 47]",
            "proxBdyRad": "8",
            "proxClampSpcng": "0.5",
            "proxClampThck": "7",
            "proxDrillZOffset": "1.2",
            "proxFlangeDia": "21",
            "proxFlangeHght": "4.5",
            "proxFlangeSpcng": "0.10000000000000001",
            "proxNutLen": "22.5",
            "proxSupportThck": "7",
            "pushYOffset": "35",
            "showClampUpper": "false",
            "showJig": "false",
            "showPart": "false",
            "showPartFit": "false",
            "showProxxon": "false",
            "showPushScrew": "true",
            "showPusher": "false",
            "showSupport": "false",
            "slotDims": "[1.2, 6.3, 1.6]",
            "slotZOffset": "4.7999999999999998",
            "testClamp": "false",
            "vacChannel": "true",
            "vacDia": "35",
            "versionLabel": "V01"
        },
        "Neue Parameter Liste16": {
            "drillDepth": "2",
            "drillDia": "2",
            "drillLength": "48.5",
            "drillOffset": "1.2",
            "heatInsertDia": "4.5",
            "heatInsertLen": "6.5",
            "holeXPos": "4.5",
            "holeZPos": "-0.40000000000000002",
            "minFloorThck": "2",
            "minWallThck": "3",
            "mountHeadDia": "8.5",
            "mountHoleCornerOffset": "12",
            "mountHoleDia": "4.5",
            "partDims": "[88.4, 58, 7.6]",
            "partSpcng": "0.29999999999999999",
            "partTopLen": "17",
            "partTopWdth": "45",
            "partWallThck": "1.3",
            "peepHoleDia": "15",
            "proxBdyDims": "[125, 45.5, 47]",
            "proxBdyRad": "8",
            "proxClampSpcng": "0.5",
            "proxClampThck": "7",
            "proxDrillZOffset": "1.2",
            "proxFlangeDia": "21",
            "proxFlangeHght": "4.5",
            "proxFlangeSpcng": "0.10000000000000001",
            "proxNutLen": "22.5",
            "proxSupportThck": "7",
            "pushYOffset": "35",
            "showClampUpper": "false",
            "showJig": "false",
            "showPart": "false",
            "showPartFit": "false",
            "showProxxon": "false",
            "showPushScrew": "false",
            "showPusher": "true",
            "showSupport": "false",
            "showVacAdapter": "false",
            "slotDims": "[1.2, 6.3, 1.6]",
            "slotZOffset": "4.7999999999999998",
            "testClamp": "false",
            "threadPitch": "2",
            "threadSpcng": "0.40000000000000002",
            "vacChannel": "true",
            "vacDia": "35",
            "versionLabel": "V01"
        }
    }
}
