{
    "fileFormatVersion": "1",
    "parameterSets": {
        "New set 1": {
            "baseBottomWidth": "30",
            "baseCornerRad": "3",
            "baseHeight": "50",
            "baseTopWidth": "40",
            "bodyColor": "#5493d0",
            "boreDia": "12.699999999999999",
            "boreLen": "30",
            "poleCornerRad": "1",
            "poleMinHeight": "100",
            "poleWidth": "20",
            "quality": "50",
            "showBody": "true",
            "showText": "true",
            "txtBaseSpacing": "20",
            "txtColor": "#f28a9f",
            "txtContour": "0.5",
            "txtFont": "Avenir Next Condensed",
            "txtSize": "21",
            "txtString": "Delirium Tremens",
            "txtStyle1": "None",
            "txtStyle2": "Bold",
            "txtThickness": "4",
            "txtTopSpacing": "20",
            "txtVertOffsetFront": "0",
            "txtVertOffsetSide": "0"
        }
    }
}
