{
    "fileFormatVersion": "1",
    "parameterSets": {
        "Neue Parameter Liste1": {
            "addLidCut": "true",
            "addSeal": "true",
            "baseDims": "[100, 50, 30]",
            "bossCntrOffset": "[0, 0]",
            "bossDist": "[80, 30]",
            "bossDrillDia": "3",
            "bossHeight": "5",
            "cornerRadius": "3",
            "domeBaseLen": "10",
            "domeDrillDiaScrew": "3",
            "domeDrillDiaThrough": "3.2000000000000002",
            "export": "lid",
            "lidCutCenterOffset": "[0, 0]",
            "lidCutDims": "[60, 20]",
            "lidCutRad": "0",
            "lidHght": "5",
            "quality": "50",
            "screwHeadDia": "6",
            "screwHeadHeight": "3",
            "screwHeadSpcng": "0.20000000000000001",
            "sealCompression": "0.80000000000000004",
            "sealDia": "1",
            "showBase": "true",
            "showLid": "true",
            "sideCutCenterOffset": "[0, 0]",
            "sideCutDims": "[10, 5]",
            "sideCutRad": "2",
            "sideCutout": "left",
            "wallThck": "2"
        },
        "Neue Parameter Liste2": {
            "addLidCut": "true",
            "addPCBBosses": "true",
            "addSeal": "true",
            "baseDims": "[100, 50, 30]",
            "bossCntrOffset": "[0, 0]",
            "bossDist": "[80, 30]",
            "bossDrillDia": "3",
            "bossHeight": "5",
            "cornerRadius": "3",
            "domeBaseLen": "10",
            "domeDrillDiaScrew": "3",
            "domeDrillDiaThrough": "3.2000000000000002",
            "export": "none",
            "lidBossesCenterOffset": "[0, 0]",
            "lidBossesDist": "[70, 30]",
            "lidBossesDrillDia": "2.6000000000000001",
            "lidBossesHeight": "5",
            "lidCutCenterOffset": "[0, 3]",
            "lidCutDims": "[60, 20]",
            "lidCutRad": "0",
            "lidHght": "5",
            "quality": "50",
            "screwHeadDia": "6",
            "screwHeadHeight": "3",
            "screwHeadSpcng": "0.20000000000000001",
            "sealCompression": "0.80000000000000004",
            "sealDia": "1",
            "showBase": "true",
            "showLid": "true",
            "sideCutCenterOffset": "[0, 0]",
            "sideCutDims": "[10, 5]",
            "sideCutRad": "2",
            "sideCutout": "left",
            "wallThck": "2"
        },
        "Neue Parameter Liste3": {
            "addBracket": "true",
            "addLidCut": "true",
            "addPCBBosses": "true",
            "addSeal": "true",
            "baseDims": "[150, 50, 30]",
            "bossCntrOffset": "[3, 3]",
            "bossDist": "[72, 26]",
            "bossDrillDia": "3",
            "bossHeight": "5",
            "bracketDims": "[120, 80, 5]",
            "cornerRadius": "3",
            "domeBaseLen": "10",
            "domeDrillDiaScrew": "3",
            "domeDrillDiaThrough": "3.1999999999999988",
            "export": "none",
            "lidBossesCenterOffset": "[0, 0]",
            "lidBossesDist": "[70, 30]",
            "lidBossesDrillDia": "2.6000000000000001",
            "lidBossesHeight": "5",
            "lidCutCenterOffset": "[0, 0]",
            "lidCutDims": "[60, 20]",
            "lidCutRad": "0",
            "lidHght": "14",
            "quality": "50",
            "screwHeadDia": "6",
            "screwHeadHeight": "0",
            "screwHeadSpcng": "0.20000000000000001",
            "sealCompression": "0.80000000000000004",
            "sealDia": "1",
            "showBase": "true",
            "showLid": "false",
            "sideCutCenterOffset": "[0, 0]",
            "sideCutDims": "[10, 5]",
            "sideCutRad": "2",
            "sideCutout": "left",
            "wallThck": "2"
        }
    }
}
