{
    "fileFormatVersion": "1",
    "parameterSets": {
        "New set 1": {
            "$fn": "50",
            "cntryFont": "Liberation Sans",
            "cntryPosRel": "0.25",
            "cntrySize": "10",
            "cntryString": "NL",
            "colBack": "white",
            "colCntry": "white",
            "colEU": "blue",
            "colStars": "yellow",
            "colText": "black",
            "cornerRad": "5",
            "embossOffset": "1",
            "embossThck": "0.59999999999999998",
            "embossWdth": "2",
            "euBandLayers": "3",
            "layerThick": "0.20000000000000001",
            "plateMinDims": "[180, 50]",
            "plateThck": "2",
            "showPlate": "true",
            "showText": "true",
            "starsPosRel": "0.70999999999999996",
            "txtFont": "Liberation Sans",
            "txtSize": "30",
            "txtString": "Shoogen"
        },
        "New set 2": {
            "$fn": "50",
            "cntryFont": "Liberation Sans",
            "cntryPosRel": "0.25",
            "cntrySize": "10",
            "cntryString": "NL",
            "colBack": "white",
            "colCntry": "white",
            "colEU": "blue",
            "colStars": "yellow",
            "colText": "black",
            "cornerRad": "5",
            "embossOffset": "1",
            "embossThck": "0.59999999999999998",
            "embossWdth": "2",
            "euBandLayers": "3",
            "layerThick": "0.20000000000000001",
            "plateMinDims": "[180, 50]",
            "plateThck": "2",
            "showPlate": "true",
            "showText": "true",
            "starsPosRel": "0.70999999999999996",
            "txtFont": "Liberation Sans",
            "txtSize": "43",
            "txtString": "Shoogen"
        },
        "New set 3": {
            "$fn": "50",
            "cntryFont": "Liberation Sans",
            "cntryPosRel": "0.25",
            "cntrySize": "10",
            "cntryString": "NL",
            "colBack": "white",
            "colCntry": "white",
            "colEU": "blue",
            "colStars": "yellow",
            "colText": "darkSlateGrey",
            "cornerRad": "5",
            "embossOffset": "1",
            "embossThck": "0.59999999999999998",
            "embossWdth": "2",
            "euBandLayers": "3",
            "layerThick": "0.20000000000000001",
            "plateMinDims": "[180, 50]",
            "plateThck": "2",
            "showBand": "true",
            "showFrame": "true",
            "showPlate": "true",
            "showText": "true",
            "starsPosRel": "0.70999999999999996",
            "txtFont": "Liberation Sans",
            "txtMargin": "7",
            "txtSize": "24",
            "txtString": "Shoooooooooooooooogen"
        },
        "New set 4": {
            "$fn": "50",
            "cntryFont": "Liberation Sans",
            "cntryPosRel": "0.25",
            "cntrySize": "10",
            "cntryString": "NL",
            "colBack": "white",
            "colCntry": "white",
            "colEU": "blue",
            "colStars": "yellow",
            "colText": "darkSlateGrey",
            "cornerRad": "5",
            "embossOffset": "1",
            "embossThck": "0.59999999999999998",
            "embossWdth": "2",
            "euBandLayers": "3",
            "keyRingDia": "5",
            "keyRingHole": "2",
            "keyRingPos": "left",
            "layerThick": "0.20000000000000001",
            "plateMinDims": "[180, 50]",
            "plateThck": "2",
            "showBand": "true",
            "showFrame": "true",
            "showPlate": "true",
            "showText": "true",
            "starsPosRel": "0.70999999999999996",
            "txtFont": "Liberation Sans",
            "txtMargin": "7",
            "txtSize": "24",
            "txtString": "Shoooooooooooooooogen",
            "txtThck": "0.59999999999999998"
        },
        "New set 5": {
            "$fn": "50",
            "cntryFont": "Liberation Sans",
            "cntryPosRel": "0.28999999999999998",
            "cntrySize": "3",
            "cntryString": "NL",
            "colBack": "white",
            "colCntry": "white",
            "colEU": "blue",
            "colStars": "yellow",
            "colText": "darkSlateGrey",
            "cornerRad": "3",
            "embossOffset": "0.5",
            "embossThck": "0.59999999999999998",
            "embossWdth": "1",
            "euBandLayers": "3",
            "export": "colBack",
            "keyRingDia": "8",
            "keyRingHole": "4",
            "keyRingPos": "left",
            "layerThick": "0.20000000000000001",
            "plateMinDims": "[50, 15]",
            "plateThck": "2",
            "showBand": "true",
            "showFrame": "true",
            "showPlate": "true",
            "showText": "true",
            "starsPosRel": "0.70999999999999996",
            "txtFont": "Liberation Sans",
            "txtMargin": "7",
            "txtSize": "7",
            "txtString": "Shogen",
            "txtThck": "0.59999999999999998"
        }
    }
}
